{
 "Root": {
  "X": 0,
  "Y": 0,
  "Text": "node",
  "ID": 1,
  "Childs": [
   {
    "X": 469,
    "Y": 440,
    "Text": "game ideas",
    "ID": 2,
    "Childs": [
     {
      "X": 375,
      "Y": 314.5,
      "Text": "a game where you make things",
      "ID": 3,
      "Childs": [
       {
        "X": 482,
        "Y": 208.5,
        "Text": "needs arbitrary goals though",
        "ID": 4,
        "Childs": null,
        "Theme": {
         "Text": {
          "R": 255,
          "G": 255,
          "B": 255,
          "A": 255
         },
         "EditText": {
          "R": 0,
          "G": 0,
          "B": 0,
          "A": 255
         },
         "BG": {
          "R": 0,
          "G": 0,
          "B": 0,
          "A": 255
         },
         "EditBG": {
          "R": 255,
          "G": 211,
          "B": 41,
          "A": 255
         },
         "Circle": false,
         "Rounded": true,
         "FontSize": 16,
         "FontSpacing": 1,
         "Radius": 10,
         "Margin": 5
        },
        "Flags": {
         "IsNested": false,
         "IsCode": false
        },
        "IsList": false,
        "ListNextID": 0,
        "ListID": 0,
        "ImageIdx": -1
       }
      ],
      "Theme": {
       "Text": {
        "R": 255,
        "G": 255,
        "B": 255,
        "A": 255
       },
       "EditText": {
        "R": 0,
        "G": 0,
        "B": 0,
        "A": 255
       },
       "BG": {
        "R": 0,
        "G": 0,
        "B": 0,
        "A": 255
       },
       "EditBG": {
        "R": 255,
        "G": 211,
        "B": 41,
        "A": 255
       },
       "Circle": false,
       "Rounded": true,
       "FontSize": 16,
       "FontSpacing": 1,
       "Radius": 10,
       "Margin": 5
      },
      "Flags": {
       "IsNested": false,
       "IsCode": false
      },
      "IsList": false,
      "ListNextID": 0,
      "ListID": 0,
      "ImageIdx": -1
     },
     {
      "X": 778.5,
      "Y": 706,
      "Text": "bossrush version of mindustry",
      "ID": 5,
      "Childs": [
       {
        "X": 853.5,
        "Y": 903,
        "Text": "like defeat the x",
        "ID": 7,
        "Childs": [
         {
          "X": 816.5,
          "Y": 983,
          "Text": "you need to manage logistics to solve a puzzle to beat a boss?",
          "ID": 8,
          "Childs": null,
          "Theme": {
           "Text": {
            "R": 255,
            "G": 255,
            "B": 255,
            "A": 255
           },
           "EditText": {
            "R": 0,
            "G": 0,
            "B": 0,
            "A": 255
           },
           "BG": {
            "R": 0,
            "G": 0,
            "B": 0,
            "A": 255
           },
           "EditBG": {
            "R": 255,
            "G": 211,
            "B": 41,
            "A": 255
           },
           "Circle": false,
           "Rounded": true,
           "FontSize": 16,
           "FontSpacing": 1,
           "Radius": 10,
           "Margin": 5
          },
          "Flags": {
           "IsNested": false,
           "IsCode": false
          },
          "IsList": false,
          "ListNextID": 0,
          "ListID": 0,
          "ImageIdx": -1
         }
        ],
        "Theme": {
         "Text": {
          "R": 255,
          "G": 255,
          "B": 255,
          "A": 255
         },
         "EditText": {
          "R": 0,
          "G": 0,
          "B": 0,
          "A": 255
         },
         "BG": {
          "R": 0,
          "G": 0,
          "B": 0,
          "A": 255
         },
         "EditBG": {
          "R": 255,
          "G": 211,
          "B": 41,
          "A": 255
         },
         "Circle": false,
         "Rounded": true,
         "FontSize": 16,
         "FontSpacing": 1,
         "Radius": 10,
         "Margin": 5
        },
        "Flags": {
         "IsNested": false,
         "IsCode": false
        },
        "IsList": false,
        "ListNextID": 0,
        "ListID": 0,
        "ImageIdx": -1
       }
      ],
      "Theme": {
       "Text": {
        "R": 255,
        "G": 255,
        "B": 255,
        "A": 255
       },
       "EditText": {
        "R": 0,
        "G": 0,
        "B": 0,
        "A": 255
       },
       "BG": {
        "R": 0,
        "G": 0,
        "B": 0,
        "A": 255
       },
       "EditBG": {
        "R": 255,
        "G": 211,
        "B": 41,
        "A": 255
       },
       "Circle": false,
       "Rounded": true,
       "FontSize": 16,
       "FontSpacing": 1,
       "Radius": 10,
       "Margin": 5
      },
      "Flags": {
       "IsNested": false,
       "IsCode": false
      },
      "IsList": false,
      "ListNextID": 0,
      "ListID": 0,
      "ImageIdx": -1
     },
     {
      "X": 385.5,
      "Y": 877,
      "Text": "involves TRAINS",
      "ID": 6,
      "Childs": [
       {
        "X": 323.5,
        "Y": 993,
        "Text": "systems overviewing/design",
        "ID": 9,
        "Childs": null,
        "Theme": {
         "Text": {
          "R": 255,
          "G": 255,
          "B": 255,
          "A": 255
         },
         "EditText": {
          "R": 0,
          "G": 0,
          "B": 0,
          "A": 255
         },
         "BG": {
          "R": 0,
          "G": 0,
          "B": 0,
          "A": 255
         },
         "EditBG": {
          "R": 255,
          "G": 211,
          "B": 41,
          "A": 255
         },
         "Circle": false,
         "Rounded": true,
         "FontSize": 16,
         "FontSpacing": 1,
         "Radius": 10,
         "Margin": 5
        },
        "Flags": {
         "IsNested": false,
         "IsCode": false
        },
        "IsList": false,
        "ListNextID": 0,
        "ListID": 0,
        "ImageIdx": -1
       },
       {
        "X": 3.166748,
        "Y": 952.5,
        "Text": "NO GAME with train puzzle scenarios",
        "ID": 16,
        "Childs": null,
        "Theme": {
         "Text": {
          "R": 255,
          "G": 255,
          "B": 255,
          "A": 255
         },
         "EditText": {
          "R": 0,
          "G": 0,
          "B": 0,
          "A": 255
         },
         "BG": {
          "R": 0,
          "G": 0,
          "B": 0,
          "A": 255
         },
         "EditBG": {
          "R": 255,
          "G": 211,
          "B": 41,
          "A": 255
         },
         "Circle": false,
         "Rounded": true,
         "FontSize": 16,
         "FontSpacing": 1,
         "Radius": 10,
         "Margin": 5
        },
        "Flags": {
         "IsNested": false,
         "IsCode": false
        },
        "IsList": false,
        "ListNextID": 0,
        "ListID": 0,
        "ImageIdx": -1
       }
      ],
      "Theme": {
       "Text": {
        "R": 255,
        "G": 255,
        "B": 255,
        "A": 255
       },
       "EditText": {
        "R": 0,
        "G": 0,
        "B": 0,
        "A": 255
       },
       "BG": {
        "R": 0,
        "G": 0,
        "B": 0,
        "A": 255
       },
       "EditBG": {
        "R": 255,
        "G": 211,
        "B": 41,
        "A": 255
       },
       "Circle": false,
       "Rounded": true,
       "FontSize": 16,
       "FontSpacing": 1,
       "Radius": 10,
       "Margin": 5
      },
      "Flags": {
       "IsNested": false,
       "IsCode": false
      },
      "IsList": false,
      "ListNextID": 0,
      "ListID": 0,
      "ImageIdx": -1
     },
     {
      "X": 173.5,
      "Y": 813,
      "Text": "terraria x factorygame??",
      "ID": 10,
      "Childs": null,
      "Theme": {
       "Text": {
        "R": 255,
        "G": 255,
        "B": 255,
        "A": 255
       },
       "EditText": {
        "R": 0,
        "G": 0,
        "B": 0,
        "A": 255
       },
       "BG": {
        "R": 0,
        "G": 0,
        "B": 0,
        "A": 255
       },
       "EditBG": {
        "R": 255,
        "G": 211,
        "B": 41,
        "A": 255
       },
       "Circle": false,
       "Rounded": true,
       "FontSize": 16,
       "FontSpacing": 1,
       "Radius": 10,
       "Margin": 5
      },
      "Flags": {
       "IsNested": false,
       "IsCode": false
      },
      "IsList": false,
      "ListNextID": 0,
      "ListID": 0,
      "ImageIdx": -1
     },
     {
      "X": 921.5,
      "Y": 399,
      "Text": "involve literal programming",
      "ID": 11,
      "Childs": [
       {
        "X": 1214.5,
        "Y": 490,
        "Text": "story based game?",
        "ID": 12,
        "Childs": [
         {
          "X": 1227.5,
          "Y": 690,
          "Text": "puzzles",
          "ID": 13,
          "Childs": null,
          "Theme": {
           "Text": {
            "R": 255,
            "G": 255,
            "B": 255,
            "A": 255
           },
           "EditText": {
            "R": 0,
            "G": 0,
            "B": 0,
            "A": 255
           },
           "BG": {
            "R": 0,
            "G": 0,
            "B": 0,
            "A": 255
           },
           "EditBG": {
            "R": 255,
            "G": 211,
            "B": 41,
            "A": 255
           },
           "Circle": false,
           "Rounded": true,
           "FontSize": 16,
           "FontSpacing": 1,
           "Radius": 10,
           "Margin": 5
          },
          "Flags": {
           "IsNested": false,
           "IsCode": false
          },
          "IsList": false,
          "ListNextID": 0,
          "ListID": 0,
          "ImageIdx": -1
         },
         {
          "X": 1437.1667,
          "Y": 409.5,
          "Text": "bigtech company has data on everyone and is going\nto do something with it",
          "ID": 14,
          "Childs": null,
          "Theme": {
           "Text": {
            "R": 255,
            "G": 255,
            "B": 255,
            "A": 255
           },
           "EditText": {
            "R": 0,
            "G": 0,
            "B": 0,
            "A": 255
           },
           "BG": {
            "R": 0,
            "G": 0,
            "B": 0,
            "A": 255
           },
           "EditBG": {
            "R": 255,
            "G": 211,
            "B": 41,
            "A": 255
           },
           "Circle": false,
           "Rounded": true,
           "FontSize": 16,
           "FontSpacing": 1,
           "Radius": 10,
           "Margin": 5
          },
          "Flags": {
           "IsNested": false,
           "IsCode": false
          },
          "IsList": false,
          "ListNextID": 0,
          "ListID": 0,
          "ImageIdx": -1
         }
        ],
        "Theme": {
         "Text": {
          "R": 255,
          "G": 255,
          "B": 255,
          "A": 255
         },
         "EditText": {
          "R": 0,
          "G": 0,
          "B": 0,
          "A": 255
         },
         "BG": {
          "R": 0,
          "G": 0,
          "B": 0,
          "A": 255
         },
         "EditBG": {
          "R": 255,
          "G": 211,
          "B": 41,
          "A": 255
         },
         "Circle": false,
         "Rounded": true,
         "FontSize": 16,
         "FontSpacing": 1,
         "Radius": 10,
         "Margin": 5
        },
        "Flags": {
         "IsNested": false,
         "IsCode": false
        },
        "IsList": false,
        "ListNextID": 0,
        "ListID": 0,
        "ImageIdx": -1
       }
      ],
      "Theme": {
       "Text": {
        "R": 255,
        "G": 255,
        "B": 255,
        "A": 255
       },
       "EditText": {
        "R": 0,
        "G": 0,
        "B": 0,
        "A": 255
       },
       "BG": {
        "R": 0,
        "G": 0,
        "B": 0,
        "A": 255
       },
       "EditBG": {
        "R": 255,
        "G": 211,
        "B": 41,
        "A": 255
       },
       "Circle": false,
       "Rounded": true,
       "FontSize": 16,
       "FontSpacing": 1,
       "Radius": 10,
       "Margin": 5
      },
      "Flags": {
       "IsNested": false,
       "IsCode": false
      },
      "IsList": false,
      "ListNextID": 0,
      "ListID": 0,
      "ImageIdx": -1
     },
     {
      "X": -32.833252,
      "Y": 530.5,
      "Text": "all about power production",
      "ID": 15,
      "Childs": null,
      "Theme": {
       "Text": {
        "R": 255,
        "G": 255,
        "B": 255,
        "A": 255
       },
       "EditText": {
        "R": 0,
        "G": 0,
        "B": 0,
        "A": 255
       },
       "BG": {
        "R": 0,
        "G": 0,
        "B": 0,
        "A": 255
       },
       "EditBG": {
        "R": 255,
        "G": 211,
        "B": 41,
        "A": 255
       },
       "Circle": false,
       "Rounded": true,
       "FontSize": 16,
       "FontSpacing": 1,
       "Radius": 10,
       "Margin": 5
      },
      "Flags": {
       "IsNested": false,
       "IsCode": false
      },
      "IsList": false,
      "ListNextID": 0,
      "ListID": 0,
      "ImageIdx": -1
     },
     {
      "X": -125.83325,
      "Y": 372.5,
      "Text": "program monkeys with grappling hooks to do stuff",
      "ID": 17,
      "Childs": [
       {
        "X": -95.83325,
        "Y": 269.5,
        "Text": "maybe they have to steal something",
        "ID": 18,
        "Childs": null,
        "Theme": {
         "Text": {
          "R": 255,
          "G": 255,
          "B": 255,
          "A": 255
         },
         "EditText": {
          "R": 0,
          "G": 0,
          "B": 0,
          "A": 255
         },
         "BG": {
          "R": 0,
          "G": 0,
          "B": 0,
          "A": 255
         },
         "EditBG": {
          "R": 255,
          "G": 211,
          "B": 41,
          "A": 255
         },
         "Circle": false,
         "Rounded": true,
         "FontSize": 16,
         "FontSpacing": 1,
         "Radius": 10,
         "Margin": 5
        },
        "Flags": {
         "IsNested": false,
         "IsCode": false
        },
        "IsList": false,
        "ListNextID": 0,
        "ListID": 0,
        "ImageIdx": -1
       }
      ],
      "Theme": {
       "Text": {
        "R": 255,
        "G": 255,
        "B": 255,
        "A": 255
       },
       "EditText": {
        "R": 0,
        "G": 0,
        "B": 0,
        "A": 255
       },
       "BG": {
        "R": 0,
        "G": 0,
        "B": 0,
        "A": 255
       },
       "EditBG": {
        "R": 255,
        "G": 211,
        "B": 41,
        "A": 255
       },
       "Circle": false,
       "Rounded": true,
       "FontSize": 16,
       "FontSpacing": 1,
       "Radius": 10,
       "Margin": 5
      },
      "Flags": {
       "IsNested": false,
       "IsCode": false
      },
      "IsList": false,
      "ListNextID": 0,
      "ListID": 0,
      "ImageIdx": -1
     }
    ],
    "Theme": {
     "Text": {
      "R": 255,
      "G": 255,
      "B": 255,
      "A": 255
     },
     "EditText": {
      "R": 0,
      "G": 0,
      "B": 0,
      "A": 255
     },
     "BG": {
      "R": 0,
      "G": 0,
      "B": 0,
      "A": 255
     },
     "EditBG": {
      "R": 255,
      "G": 211,
      "B": 41,
      "A": 255
     },
     "Circle": false,
     "Rounded": true,
     "FontSize": 16,
     "FontSpacing": 1,
     "Radius": 10,
     "Margin": 5
    },
    "Flags": {
     "IsNested": false,
     "IsCode": false
    },
    "IsList": false,
    "ListNextID": 0,
    "ListID": 0,
    "ImageIdx": -1
   },
   {
    "X": -506.83325,
    "Y": 646,
    "Text": "modifications of my game",
    "ID": 20,
    "Childs": [
     {
      "X": -495.33325,
      "Y": 866,
      "Text": "adding trains makes it into spacechem",
      "ID": 21,
      "Childs": null,
      "Theme": {
       "Text": {
        "R": 255,
        "G": 255,
        "B": 255,
        "A": 255
       },
       "EditText": {
        "R": 0,
        "G": 0,
        "B": 0,
        "A": 255
       },
       "BG": {
        "R": 0,
        "G": 0,
        "B": 0,
        "A": 255
       },
       "EditBG": {
        "R": 255,
        "G": 211,
        "B": 41,
        "A": 255
       },
       "Circle": false,
       "Rounded": true,
       "FontSize": 16,
       "FontSpacing": 1,
       "Radius": 10,
       "Margin": 5
      },
      "Flags": {
       "IsNested": false,
       "IsCode": false
      },
      "IsList": false,
      "ListNextID": 0,
      "ListID": 0,
      "ImageIdx": -1
     },
     {
      "X": -506.33325,
      "Y": 485,
      "Text": "too much like infinifactory",
      "ID": 22,
      "Childs": null,
      "Theme": {
       "Text": {
        "R": 255,
        "G": 255,
        "B": 255,
        "A": 255
       },
       "EditText": {
        "R": 0,
        "G": 0,
        "B": 0,
        "A": 255
       },
       "BG": {
        "R": 0,
        "G": 0,
        "B": 0,
        "A": 255
       },
       "EditBG": {
        "R": 255,
        "G": 211,
        "B": 41,
        "A": 255
       },
       "Circle": false,
       "Rounded": true,
       "FontSize": 16,
       "FontSpacing": 1,
       "Radius": 10,
       "Margin": 5
      },
      "Flags": {
       "IsNested": false,
       "IsCode": false
      },
      "IsList": false,
      "ListNextID": 0,
      "ListID": 0,
      "ImageIdx": -1
     }
    ],
    "Theme": {
     "Text": {
      "R": 255,
      "G": 255,
      "B": 255,
      "A": 255
     },
     "EditText": {
      "R": 0,
      "G": 0,
      "B": 0,
      "A": 255
     },
     "BG": {
      "R": 0,
      "G": 0,
      "B": 0,
      "A": 255
     },
     "EditBG": {
      "R": 255,
      "G": 211,
      "B": 41,
      "A": 255
     },
     "Circle": false,
     "Rounded": true,
     "FontSize": 16,
     "FontSpacing": 1,
     "Radius": 10,
     "Margin": 5
    },
    "Flags": {
     "IsNested": false,
     "IsCode": false
    },
    "IsList": false,
    "ListNextID": 0,
    "ListID": 0,
    "ImageIdx": -1
   }
  ],
  "Theme": {
   "Text": {
    "R": 255,
    "G": 255,
    "B": 255,
    "A": 255
   },
   "EditText": {
    "R": 0,
    "G": 0,
    "B": 0,
    "A": 255
   },
   "BG": {
    "R": 0,
    "G": 0,
    "B": 0,
    "A": 255
   },
   "EditBG": {
    "R": 255,
    "G": 211,
    "B": 41,
    "A": 255
   },
   "Circle": false,
   "Rounded": true,
   "FontSize": 16,
   "FontSpacing": 1,
   "Radius": 10,
   "Margin": 5
  },
  "Flags": {
   "IsNested": true,
   "IsCode": false
  },
  "IsList": false,
  "ListNextID": 0,
  "ListID": 0,
  "ImageIdx": -1
 },
 "Lists": {}
}